<?xml version="1.0" encoding="UTF-8"?>
<project-private xmlns="http://www.netbeans.org/ns/project-private/1">
    <editor-bookmarks xmlns="http://www.netbeans.org/ns/editor-bookmarks/2" lastBookmarkId="0"/>
    <open-files xmlns="http://www.netbeans.org/ns/projectui-open-files/2">
        <group>
            <file>file:/C:/Users/Annie%20Vuvu/Google%20Drive/Senior/java/Java-SP2016/CS3913Homework4/src/cs3913homework4/Server.java</file>
            <file>file:/C:/Users/Annie%20Vuvu/Google%20Drive/Senior/java/Java-SP2016/CS3913Homework4/src/cs3913homework4/UserPrompt.java</file>
            <file>file:/C:/Users/Annie%20Vuvu/Google%20Drive/Senior/java/Java-SP2016/CS3913Homework4/src/cs3913homework4/ClientChat.java</file>
        </group>
    </open-files>
</project-private>
